Derscriptor,Dominance,Weights
Bitcoin,0.000000005621558271217%,"=100000/1778866200000000"
Dogecoin,0.000000018312588302696%,"=22/120135939477"
ElectraCoin,low
RapidsNetwork,smallest
EOS,least
Monero,smaller
StellarLumens,0.000000803300431791495%,"=156/19419882503"
Tronix,small
Denarius,small
BitcoinSV,0.000000000084010147081%,"=1500/1785498600000000"
Ethereum,0.000000093722701798683%,"=0.1000058/106697735"
